{"episode/avg_judge_score":4,"_timestamp":1.7686342612372324e+09,"_step":18,"_wandb":{"runtime":450},"_runtime":450.626375938,"episode/avg_reward":0.050000000000000044}