{"_step":999,"_wandb":{"runtime":23607},"_runtime":23607.177308995,"episode/avg_reward":-0.75,"episode/avg_judge_score":0,"_timestamp":1.7685676310734413e+09}