{"episode/avg_reward":0.19999999999999996,"episode/avg_judge_score":6,"_timestamp":1.768462652199589e+09,"_step":3,"_wandb":{"runtime":135},"_runtime":135.293203373}