{"_runtime":66.087354566,"_step":1,"episode/avg_reward":-0.27999999999999997,"episode/avg_judge_score":3,"_timestamp":1.7679352869854236e+09,"_wandb":{"runtime":66}}