{"_timestamp":1.7679337387482777e+09,"_step":93,"_wandb":{"runtime":2508},"_runtime":2508.317957565,"episode/avg_reward":-0.19999999999999996,"episode/avg_judge_score":4}