{"episode/avg_judge_score":4,"_timestamp":1.7679379600453088e+09,"_step":0,"_wandb":{"runtime":41},"_runtime":41.123043698,"episode/avg_reward":-0.19999999999999996}