{"episode/avg_judge_score":4,"_timestamp":1.7685439272304838e+09,"_step":29,"_wandb":{"runtime":808},"_runtime":808.153434422,"episode/avg_reward":0.050000000000000044}