{"_timestamp":1.767934624818783e+09,"_step":2,"_wandb":{"runtime":76},"_runtime":76.468260314,"episode/avg_reward":-0.21999999999999997,"episode/avg_judge_score":3.9}