{"episode/avg_judge_score":4,"_timestamp":1.7683984702640853e+09,"_step":0,"_wandb":{"runtime":26},"_runtime":26.643003697,"episode/avg_reward":-0.19999999999999996}