{"_timestamp":1.7680368551032622e+09,"_step":985,"_wandb":{"runtime":12130},"_runtime":12130.901601535,"episode/avg_reward":-1.5,"episode/avg_judge_score":0}