{"episode/avg_judge_score":0,"_timestamp":1.7679363264804573e+09,"_step":16,"_wandb":{"runtime":423},"_runtime":423.143744538,"episode/avg_reward":-1}