{"episode/avg_judge_score":4,"_timestamp":1.7684741001485357e+09,"_wandb":{"runtime":66},"_runtime":66.18449149,"_step":1,"episode/avg_reward":-0.19999999999999996}