{"_step":262,"episode/avg_reward":-0.44999999999999996,"episode/avg_judge_score":4,"_timestamp":1.7683984002125351e+09,"_wandb":{"runtime":8342},"_runtime":8342.501795014}