{"_step":99,"episode/avg_reward":-0.19999999999999996,"episode/avg_judge_score":4,"_wandb":{"runtime":2953},"_runtime":2953.475084667,"_timestamp":1.7679412094676785e+09}