{"episode/avg_reward":-1.5,"episode/avg_judge_score":0,"_timestamp":1.7683894030822513e+09,"_step":15,"_wandb":{"runtime":413},"_runtime":413.19121696}