{"_runtime":908.576159342,"_step":29,"episode/avg_reward":-0.19999999999999996,"episode/avg_judge_score":4,"_timestamp":1.768474016240647e+09,"_wandb":{"runtime":908}}