{"episode/avg_reward":0.19999999999999996,"episode/avg_judge_score":6,"_timestamp":1.7683898318211505e+09,"_step":8,"_wandb":{"runtime":261},"_runtime":261.071228897}