{"_runtime":22438.351546349,"episode/avg_reward":-1,"episode/avg_judge_score":0,"_timestamp":1.7683356129240446e+09,"_step":999,"_wandb":{"runtime":22438}}