{"_timestamp":1.7683882552833555e+09,"_step":1,"_wandb":{"runtime":54},"_runtime":54.030174517,"episode/avg_reward":-0.72,"episode/avg_judge_score":3.9}