{"episode/avg_reward":-1.5,"episode/avg_judge_score":0,"_timestamp":1.7682904280491297e+09,"_wandb":{"runtime":227},"_runtime":227.867427842,"_step":5}