{"episode/avg_reward":0.19999999999999996,"episode/avg_judge_score":6,"_timestamp":1.7685430932154288e+09,"_wandb":{"runtime":1116},"_runtime":1116.111234951,"_step":36}