{"_runtime":2658.437380137,"_step":99,"episode/avg_reward":0.19999999999999996,"episode/avg_judge_score":6,"_timestamp":1.767956271603783e+09,"_wandb":{"runtime":2658}}